"number","artist","title","status","provider","bytes","duration_seconds","verified_url","candidate_urls"
"1","Nirvana","Smells Like Teen Spirit","full-audio-verified","youtubeMusic","4899355","301.95628117913833","https://www.youtube.com/watch?v=ljUtuoFt-8c","https://www.youtube.com/watch?v=ljUtuoFt-8c | https://www.youtube.com/watch?v=7TDeBi34OtE | https://musify.club/track/pl/2115/nirvana-smells-like-teen-spirit.mp3 | https://miyzvuk.net/uploads/public_files/2023-12/nirvana-smells-like-teen-spirit.mp3"
"2","Nirvana","Come As You Are","full-audio-verified","youtubeMusic","3555556","218.95628117913833","https://www.youtube.com/watch?v=ZEMBDKMtHqM","https://www.youtube.com/watch?v=ZEMBDKMtHqM | https://www.youtube.com/watch?v=f1IdyrhOrGs | https://musify.club/track/pl/2117/nirvana-come-as-you-are.mp3"
"3","Nirvana","Lithium","full-audio-verified","youtubeMusic","10285317","257.09714285714284","https://www.youtube.com/watch?v=553VogDv5DI","https://www.youtube.com/watch?v=553VogDv5DI | https://www.youtube.com/watch?v=_oWUgfpGi0M | https://musify.club/track/pl/2119/nirvana-lithium.mp3"
"4","Nirvana","Polly","full-audio-verified","youtubeMusic","2825848","173.88961451247167","https://www.youtube.com/watch?v=h5cZvNWxnho","https://www.youtube.com/watch?v=h5cZvNWxnho | https://www.youtube.com/watch?v=KjpNMq_zGdQ | https://musify.club/track/pl/2120/nirvana-polly.mp3"
"5","Nirvana","Something In The Way","full-audio-verified","youtubeMusic","3769948","232.182947845805","https://www.youtube.com/watch?v=SVSjcS-N224","https://www.youtube.com/watch?v=SVSjcS-N224 | https://www.youtube.com/watch?v=MpDrCVRaWfo | https://musify.club/track/pl/2126/nirvana-something-in-the-way.mp3"
"6","Nirvana","Dumb","full-audio-verified","youtubeMusic","6086954","152.13714285714286","https://www.youtube.com/watch?v=11G9j9utRCs","https://www.youtube.com/watch?v=11G9j9utRCs | https://musify.club/track/pl/5970/nirvana-dumb.mp3"
"7","Nirvana","Rape Me","full-audio-verified","youtubeMusic","2761491","170.0362811791383","https://www.youtube.com/watch?v=JtWaCViY_tc","https://www.youtube.com/watch?v=JtWaCViY_tc | https://musify.club/track/pl/5968/nirvana-rape-me.mp3"
"8","Nirvana","In Bloom","full-audio-verified","youtubeMusic","4140779","255.11628117913833","https://www.youtube.com/watch?v=ng_vqlKtxLs","https://www.youtube.com/watch?v=ng_vqlKtxLs | https://www.youtube.com/watch?v=E6SbPv1Fu80 | https://musify.club/track/pl/2116/nirvana-in-bloom.mp3"
"9","Nirvana","You Know You're Right","full-audio-verified","youtubeMusic","3517879","217.0362811791383","https://www.youtube.com/watch?v=F2zJDTL6dh8","https://www.youtube.com/watch?v=F2zJDTL6dh8 | https://musify.club/track/pl/31579/nirvana-you-know-youre-right.mp3"
"10","Nirvana","Heart-Shaped Box","full-audio-verified","youtubeMusic","4561171","281.19628117913834","https://www.youtube.com/watch?v=8eGY-4OALgM","https://www.youtube.com/watch?v=8eGY-4OALgM | https://musify.club/track/pl/5967/nirvana-heart-shaped-box.mp3"
"11","Nirvana","All Apologies - Original Steve Albini 1993 Mix","full-audio-verified","youtubeMusic","3784154","233.182947845805","https://www.youtube.com/watch?v=EDXp2rSKKk0","https://www.youtube.com/watch?v=EDXp2rSKKk0"
"12","KISS","I Was Made For Lovin' You","full-audio-verified","youtubeMusic","4402568","271.2762811791383","https://www.youtube.com/watch?v=12fJAnaif34","https://www.youtube.com/watch?v=12fJAnaif34 | https://musify.club/track/pl/109645/kiss-i-was-made-for-lovin-you.mp3 | https://musify.club/track/pl/22105922/kiss-i-was-made-for-lovin-you.mp3 | https://miyzvuk.net/uploads/public_files/2025-06/kiss-i-was-made-for-lovin-you.mp3"
"13","Three Days Grace","I Hate Everything About You","full-audio-verified","youtubeMusic","3758595","231.51628117913833","https://www.youtube.com/watch?v=ph9KP2_lT5Q","https://www.youtube.com/watch?v=ph9KP2_lT5Q | https://musify.club/track/pl/8314415/three-days-grace-i-hate-everything-about-you.mp3"
"14","Nirvana","Where Did You Sleep Last Night - Live","full-audio-verified","youtubeMusic","4969230","306.102947845805","https://www.youtube.com/watch?v=IZFYTp8bZ00","https://www.youtube.com/watch?v=IZFYTp8bZ00 | https://www.youtube.com/watch?v=c0wEcIPupNc | https://musify.club/track/pl/371909/nirvana-where-did-you-sleep-last-night-live.mp3"
"15","Nirvana","About A Girl","full-audio-verified","youtubeMusic","2702558","166.67628117913833","https://www.youtube.com/watch?v=YYfSbR8xs2c","https://www.youtube.com/watch?v=JIx2H-plXdU | https://www.youtube.com/watch?v=YYfSbR8xs2c | https://musify.club/track/pl/15692/nirvana-about-a-girl.mp3"
"16","Nirvana","The Man Who Sold The World - Live","full-audio-verified","youtubeMusic","3687051","227.50294784580498","https://www.youtube.com/watch?v=dWXa9lKuCfk","https://www.youtube.com/watch?v=dWXa9lKuCfk | https://www.youtube.com/watch?v=pXBvuBSYaxc | https://www.youtube.com/watch?v=UJWTHdCPSiw"
"17","Nirvana","Polly","full-audio-verified","youtubeMusic","2825848","173.88961451247167","https://www.youtube.com/watch?v=h5cZvNWxnho","https://www.youtube.com/watch?v=h5cZvNWxnho | https://www.youtube.com/watch?v=KjpNMq_zGdQ | https://musify.club/track/pl/2120/nirvana-polly.mp3"
"18","Nirvana","Stay Away","full-audio-verified","youtubeMusic","3436369","211.4762811791383","https://www.youtube.com/watch?v=aGH8sPcjVDQ","https://www.youtube.com/watch?v=UGA6zBEyo8Y | https://www.youtube.com/watch?v=aGH8sPcjVDQ | https://musify.club/track/pl/2124/nirvana-stay-away.mp3"
"19","Mother Mother","Hayloft","full-audio-verified","youtubeMusic","2954400","181.71628117913832","https://www.youtube.com/watch?v=AJ21voLY3BU","https://www.youtube.com/watch?v=AJ21voLY3BU | https://musify.club/track/pl/18519205/mother-mother-hayloft.mp3"
"20","Nirvana","Sappy","full-audio-verified","youtubeMusic","3334720","205.52961451247165","https://www.youtube.com/watch?v=jOg8IblMNK4","https://www.youtube.com/watch?v=jOg8IblMNK4 | https://musify.club/track/pl/139498/nirvana-sappy.mp3"
"21","Three Days Grace","Riot","full-audio-verified","youtubeMusic","3370959","207.622947845805","https://www.youtube.com/watch?v=IGlg75esXws","https://www.youtube.com/watch?v=IGlg75esXws | https://musify.club/track/pl/8314393/three-days-grace-riot.mp3"
"22","Nirvana","Lounge Act","full-audio-verified","youtubeMusic","2543915","156.462947845805","https://www.youtube.com/watch?v=jwcq2Ci6jx0","https://www.youtube.com/watch?v=jwcq2Ci6jx0 | https://www.youtube.com/watch?v=YQJQbCRYcPM | https://musify.club/track/pl/2123/nirvana-lounge-act.mp3"
"23","Imagine Dragons","Radioactive","full-audio-verified","youtubeMusic","3032772","186.84961451247165","https://www.youtube.com/watch?v=R_BO8C05XLA","https://www.youtube.com/watch?v=R_BO8C05XLA | https://musify.club/track/pl/5012182/imagine-dragons-radioactive.mp3 | https://miyzvuk.net/uploads/public_files/2023-12/imagine-dragons-radioactive.mp3"
"24","Three Days Grace","I Am Machine","full-audio-verified","youtubeMusic","3250827","200.182947845805","https://www.youtube.com/watch?v=iL9yYc68MY8","https://www.youtube.com/watch?v=iL9yYc68MY8 | https://musify.club/track/pl/5193795/three-days-grace-i-am-machine.mp3"
"25","Palaye Royale","Lonely","full-audio-verified","youtubeMusic","3027458","186.28582766439908","https://www.youtube.com/watch?v=bYDKgA5APRo","https://www.youtube.com/watch?v=bYDKgA5APRo | https://musify.club/track/pl/13228060/palaye-royale-lonely.mp3"
"26","The Unsleeping","Ptaha Fred","full-audio-verified","youtubeMusic","3259741","200.90351473922902","https://www.youtube.com/watch?v=rZgd3-iRsSY","https://www.youtube.com/watch?v=rZgd3-iRsSY | https://musify.club/track/pl/18062162/the-unsleeping-ptaha-fred.mp3"
"27","Rammstein","Sonne","full-audio-verified","youtubeMusic","3988522","245.88961451247167","https://www.youtube.com/watch?v=v7GMG1aLyPw","https://www.youtube.com/watch?v=KUZ7jG7BKE8 | https://www.youtube.com/watch?v=v7GMG1aLyPw | https://musify.club/track/pl/16659/rammstein-sonne.mp3 | https://miyzvuk.net/uploads/public_files/2023-12/rammstein_-_sonne.mp3"
"28","System Of A Down","Lonely Day","full-audio-verified","youtubeMusic","2738415","168.39628117913833","https://www.youtube.com/watch?v=Jc6-WXt5iKA","https://www.youtube.com/watch?v=Jc6-WXt5iKA | https://www.youtube.com/watch?v=9VBiJvJfC0Q | https://musify.club/track/pl/10501883/system-of-a-down-lonely-day.mp3"
"29","Engelbert Humperdinck","A Man Without Love","full-audio-verified","youtubeMusic","3300180","203.16961451247167","https://www.youtube.com/watch?v=o0WWaA3oFa4","https://www.youtube.com/watch?v=o0WWaA3oFa4 | https://www.youtube.com/watch?v=0PVwxxp6Ehk | https://musify.club/track/pl/987760/engelbert-humperdinck-a-man-without-love.mp3"
"30","The Unsleeping","You Drive My Four Wheel Coffin","full-audio-verified","youtubeMusic","4875485","300.51628117913833","https://www.youtube.com/watch?v=CnaAR-Ko9Iw","https://www.youtube.com/watch?v=CnaAR-Ko9Iw"
"31","My Chemical Romance","The Sharpest Lives","full-audio-verified","youtubeMusic","3263728","200.9162811791383","https://www.youtube.com/watch?v=7be0fq_1Hwc","https://www.youtube.com/watch?v=7be0fq_1Hwc"
"32","Nirvana","Lake Of Fire - Live","full-audio-verified","youtubeMusic","2863675","176.00961451247164","https://www.youtube.com/watch?v=5udeKRQFt80","https://www.youtube.com/watch?v=5udeKRQFt80 | https://www.youtube.com/watch?v=rlVrzipaE90"
"33","I Hate Myself Because","i don't dance","download-failed","","","","","https://www.youtube.com/watch?v=LMXsu1T_TZw"
"34","Papa Roach","Take Me","full-audio-verified","youtubeMusic","3348738","206.04907029478457","https://www.youtube.com/watch?v=n_I6b-35A_E","https://www.youtube.com/watch?v=n_I6b-35A_E | https://www.youtube.com/watch?v=2DDdTG1KWwA | https://musify.club/track/pl/36386/papa-roach-take-me.mp3"
"35","Black Sabbath","Paranoid","full-audio-verified","youtubeMusic","3519059","216.63201814058957","https://www.youtube.com/watch?v=6c0DJwzZ-iU","https://www.youtube.com/watch?v=6c0DJwzZ-iU | https://musify.club/track/pl/28554/black-sabbath-paranoid.mp3 | https://miyzvuk.net/uploads/public_files/2023-12/black-sabbath-paranoid.mp3"
"36","Валентин Стрыкало","Так гріє","full-audio-verified","youtubeMusic","4524451","278.622947845805","https://www.youtube.com/watch?v=H-394VBVvE0","https://www.youtube.com/watch?v=H-394VBVvE0 | https://musify.club/track/pl/2322312/%D0%B2%D0%B0%D0%BB%D0%B5%D0%BD%D1%82%D0%B8%D0%BD-%D1%81%D1%82%D1%80%D1%8B%D0%BA%D0%B0%D0%BB%D0%BE-%D1%82%D0%B0%D0%BA-%D0%B3%D1%80ie.mp3"
"37","Nirvana","Verse Chorus Verse - Outtake","full-audio-verified","youtubeMusic","3184403","196.23628117913833","https://www.youtube.com/watch?v=Vs_mhEcO_mQ","https://www.youtube.com/watch?v=Vs_mhEcO_mQ | https://musify.club/track/pl/3488997/nirvana-verse-chorus-verse-outtake.mp3"
"38","Nirvana","Breed","full-audio-verified","youtubeMusic","2990954","184.07628117913833","https://www.youtube.com/watch?v=ox_BG6sLPq8","https://www.youtube.com/watch?v=ox_BG6sLPq8 | https://www.youtube.com/watch?v=o92NCp_EZP8 | https://musify.club/track/pl/2118/nirvana-breed.mp3"
"39","Span","Found","full-audio-verified","youtubeMusic","3553295","218.76961451247166","https://www.youtube.com/watch?v=4yQYrEs1D8M","https://www.youtube.com/watch?v=4yQYrEs1D8M | https://musify.club/track/pl/948158/span-found.mp3"
"40","Span","Don't Think The Way They Do","full-audio-verified","youtubeMusic","3093643","190.36961451247166","https://www.youtube.com/watch?v=2WKkubrOuEE","https://www.youtube.com/watch?v=2WKkubrOuEE | https://musify.club/track/pl/948159/span-dont-think-the-way-they-do.mp3"
"41","Nickelback","How You Remind Me","full-audio-verified","youtubeMusic","3640383","224.20961451247166","https://www.youtube.com/watch?v=hhSLkkLl750","https://www.youtube.com/watch?v=vkvrbbtnp6s | https://www.youtube.com/watch?v=hhSLkkLl750 | https://musify.club/track/pl/14189263/nickelback-how-you-remind-me.mp3 | https://miyzvuk.net/uploads/public_files/2025-08/nickelback-how-you-remind-me.mp3"
"42","Green Day","Boulevard of Broken Dreams","full-audio-verified","youtubeMusic","4266410","262.3696145124716","https://www.youtube.com/watch?v=0-q83p_o-Lg","https://www.youtube.com/watch?v=0-q83p_o-Lg | https://www.youtube.com/watch?v=FPrHuDvXEBw | https://www.youtube.com/watch?v=gYCTXzOTnXg | https://musify.club/track/pl/877128/green-day-boulevard-of-broken-dreams.mp3"
"43","Foo Fighters","Best of You","full-audio-verified","youtubeMusic","4151924","255.66294784580498","https://www.youtube.com/watch?v=L6SIgRlijmU","https://www.youtube.com/watch?v=L6SIgRlijmU | https://musify.club/track/pl/15732696/foo-fighters-best-of-you.mp3 | https://musify.club/track/pl/22108516/foo-fighters-best-of-you.mp3"
"44","Foo Fighters","Monkey Wrench","full-audio-verified","youtubeMusic","3757747","231.51628117913833","https://www.youtube.com/watch?v=8PG5oTnDpXA","https://www.youtube.com/watch?v=8PG5oTnDpXA | https://musify.club/track/pl/12412/foo-fighters-monkey-wrench.mp3 | https://musify.club/track/pl/5911354/foo-fighters-usa-monkey-wrench.mp3"
"45","Foo Fighters","All My Life","full-audio-verified","youtubeMusic","4261012","262.76961451247166","https://www.youtube.com/watch?v=KlWBO9m52Fk","https://www.youtube.com/watch?v=KlWBO9m52Fk | https://musify.club/track/pl/1260326/foo-fighters-all-my-life.mp3"
"46","Foo Fighters","The Sky Is A Neighborhood","full-audio-verified","youtubeMusic","3968983","244.60961451247167","https://www.youtube.com/watch?v=eMirow-QFYs","https://www.youtube.com/watch?v=eMirow-QFYs | https://musify.club/track/pl/8356293/foo-fighters-usa-the-sky-is-a-neighborhood.mp3 | https://musify.club/track/pl/17301655/foo-fighters-the-sky-is-a-neighborhood.mp3"
"47","Foo Fighters","Everlong","full-audio-verified","youtubeMusic","4066623","250.582947845805","https://www.youtube.com/watch?v=AxuTd9rwEHQ","https://www.youtube.com/watch?v=AxuTd9rwEHQ | https://musify.club/track/pl/12421/foo-fighters-everlong.mp3 | https://musify.club/track/pl/15061911/foo-fighters-usa-everlong.mp3"
"48","Foo Fighters","The Pretender","full-audio-verified","youtubeMusic","4367976","269.40961451247165","https://www.youtube.com/watch?v=BMMGwtklEeE","https://www.youtube.com/watch?v=BMMGwtklEeE | https://musify.club/track/pl/72324/foo-fighters-the-pretender.mp3 | https://musify.club/track/pl/9327208/foo-fighters-usa-the-pretender.mp3"
"49","Foo Fighters","Learn to Fly","full-audio-verified","youtubeMusic","3816915","235.32961451247166","https://www.youtube.com/watch?v=HJMLLKgknvk","https://www.youtube.com/watch?v=HJMLLKgknvk | https://musify.club/track/pl/15705/foo-fighters-learn-to-fly.mp3 | https://musify.club/track/pl/12851991/foo-fighterz-usa-learn-to-fly.mp3"
"50","Foo Fighters","My Hero","full-audio-verified","youtubeMusic","4220033","260.062947845805","https://www.youtube.com/watch?v=V_DI4mhrY64","https://www.youtube.com/watch?v=V_DI4mhrY64 | https://musify.club/track/pl/12417/foo-fighters-my-hero.mp3 | https://musify.club/track/pl/12851949/foo-fighterz-usa-my-hero.mp3"
"51","Foo Fighters","Dear Rosemary","full-audio-verified","youtubeMusic","4326276","266.5696145124717","https://www.youtube.com/watch?v=TdFuZUuR8w8","https://www.youtube.com/watch?v=TdFuZUuR8w8 | https://musify.club/track/pl/1411977/foo-fighters-usa-dear-rosemary.mp3 | https://musify.club/track/pl/12471958/foo-fighters-dear-rosemary.mp3"
"52","Foo Fighters","Hearing Voices","full-audio-verified","musify","9153759","228.8065306122449","https://musify.club/track/pl/19444551/foo-fighters-hearing-voices.mp3","https://musify.club/track/pl/19444551/foo-fighters-hearing-voices.mp3"
"53","Foo Fighters","The Glass","full-audio-verified","musify","9194495","229.82530612244898","https://musify.club/track/pl/19444553/foo-fighters-the-glass.mp3","https://musify.club/track/pl/19444553/foo-fighters-the-glass.mp3"
"54","Foo Fighters","Nothing At All","full-audio-verified","musify","8314706","207.83020408163264","https://musify.club/track/pl/19444554/foo-fighters-nothing-at-all.mp3","https://musify.club/track/pl/19444554/foo-fighters-nothing-at-all.mp3"
"55","Foo Fighters","Hey, Johnny Park!","full-audio-verified","musify","9940591","248.47673469387755","https://musify.club/track/pl/12413/foo-fighters-hey-johnny-park.mp3","https://www.youtube.com/watch?v=_axQz7WCU90 | https://musify.club/track/pl/12413/foo-fighters-hey-johnny-park.mp3"
"56","Foo Fighters","Come Alive","full-audio-verified","youtubeMusic","5035614","310.63628117913834","https://www.youtube.com/watch?v=NTaQykW0O00","https://www.youtube.com/watch?v=NTaQykW0O00 | https://musify.club/track/pl/72314/foo-fighters-come-alive.mp3"
"57","Foo Fighters","Stranger Things Have Happened","full-audio-verified","youtubeMusic","5195148","321.08961451247166","https://www.youtube.com/watch?v=GWaQTpv-R-c","https://www.youtube.com/watch?v=GWaQTpv-R-c | https://musify.club/track/pl/72321/foo-fighters-stranger-things-have-happened.mp3"
"58","Arctic Monkeys","505","full-audio-verified","musify","10303125","257.5412244897959","https://musify.club/track/pl/44576/arctic-monkeys-505.mp3","https://musify.club/track/pl/44576/arctic-monkeys-505.mp3"
"59","Бумбокс","День","full-audio-verified","youtubeMusic","4553602","280.5696145124717","https://www.youtube.com/watch?v=xTtEYelAZws","https://www.youtube.com/watch?v=xTtEYelAZws"
"60","Nirvana","Pennyroyal Tea","full-audio-verified","youtubeMusic","3551710","218.84961451247165","https://www.youtube.com/watch?v=16R8njf0a74","https://www.youtube.com/watch?v=16R8njf0a74 | https://musify.club/track/pl/5973/nirvana-pennyroyal-tea.mp3"
"61","Бумбокс","Хвилюватися немає причин","download-failed","","","","","https://www.youtube.com/watch?v=5VlUTiilsmg"
"62","Бумбокс","Побачимось","full-audio-verified","youtubeMusic","5359461","330.5023129251701","https://www.youtube.com/watch?v=niHqtYLKntI","https://www.youtube.com/watch?v=niHqtYLKntI"
"63","Бумбокс, The Gitas","Тримай мене","full-audio-verified","youtubeMusic","4436082","273.06514739229027","https://www.youtube.com/watch?v=PErsengn-ZQ","https://www.youtube.com/watch?v=PErsengn-ZQ"
"64","Океан Ельзи","Стіна","full-audio-verified","youtubeMusic","3379756","207.7677097505669","https://www.youtube.com/watch?v=lkqZpS_t2z0","https://www.youtube.com/watch?v=lkqZpS_t2z0 | https://musify.club/track/pl/3235624/%D0%BE%D0%BA%D0%B5%D0%B0%D0%BD-%D0%B5%D0%BB%D1%8C%D0%B7%D0%B8-%D1%81%D1%82i%D0%BD%D0%B0.mp3"
"65","Океан Ельзи","Стріляй","full-audio-verified","youtubeMusic","4690503","288.7374603174603","https://www.youtube.com/watch?v=R_mi9O6JuTk","https://www.youtube.com/watch?v=R_mi9O6JuTk | https://musify.club/track/pl/3235628/%D0%BE%D0%BA%D0%B5%D0%B0%D0%BD-%D0%B5%D0%BB%D1%8C%D0%B7%D0%B8-%D1%81%D1%82%D1%80i%D0%BB%D1%8F%D0%B8.mp3"
"66","Океан Ельзи","Сонце сідає","full-audio-verified","youtubeMusic","3100504","190.69294784580498","https://www.youtube.com/watch?v=uDfmpflXdRo","https://www.youtube.com/watch?v=uDfmpflXdRo | https://musify.club/track/pl/1414389/%D0%BE%D0%BA%D0%B5%D0%B0%D0%BD-%D0%B5%D0%BB%D1%8C%D0%B7%D0%B8-%D1%81%D0%BE%D0%BD%D1%86%D0%B5-%D1%81i%D0%B4%D0%B0e.mp3"
"67","The Beatles","Girl - Remastered 2009","full-audio-verified","youtubeMusic","2471497","151.7562811791383","https://www.youtube.com/watch?v=-8l3ntDR_lI","https://www.youtube.com/watch?v=-8l3ntDR_lI | https://musify.club/track/pl/12590957/the-beatles-girl-remastered-2009.mp3"
"68","The Beatles","I'm Looking Through You - Remastered 2009","full-audio-verified","youtubeMusic","2384970","146.422947845805","https://www.youtube.com/watch?v=gH6i9JAdJrQ","https://www.youtube.com/watch?v=gH6i9JAdJrQ"
"69","Бумбокс","Бета-каротин","full-audio-verified","youtubeMusic","3269919","201.262947845805","https://www.youtube.com/watch?v=LIuWYS-fFyE","https://www.youtube.com/watch?v=LIuWYS-fFyE | https://www.youtube.com/watch?v=PF3lvGQiwus | https://www.youtube.com/watch?v=ZEAGY8eNxZk"
"70","Бумбокс","Твій на 100%","full-audio-verified","youtubeMusic","4635101","285.7574603174603","https://www.youtube.com/watch?v=iJF2vlu0308","https://www.youtube.com/watch?v=iJF2vlu0308 | https://miyzvuk.net/uploads/public_files/2025-02/bumboks-tvij-na-100.mp3"
"71","Бумбокс","Наодинці","full-audio-verified","youtubeMusic","4188846","258.3696145124716","https://www.youtube.com/watch?v=3hwj3L2hajI","https://www.youtube.com/watch?v=3hwj3L2hajI"
"72","Foo Fighters","Big Me","full-audio-verified","youtubeMusic","2159462","132.87628117913832","https://www.youtube.com/watch?v=jMZg_J77ZSE","https://www.youtube.com/watch?v=jMZg_J77ZSE | https://musify.club/track/pl/12355/foo-fighters-big-me.mp3 | https://musify.club/track/pl/10395887/foo-fighters-usa-big-me.mp3"
"73","Arctic Monkeys","Snap Out Of It","full-audio-verified","musify","7718061","192.9142857142857","https://musify.club/track/pl/3420871/arctic-monkeys-snap-out-of-it.mp3","https://musify.club/track/pl/3420871/arctic-monkeys-snap-out-of-it.mp3"
"74","The Killers","Somebody Told Me","full-audio-verified","youtubeMusic","3202969","197.31628117913831","https://www.youtube.com/watch?v=zgIfcF3WPA4","https://www.youtube.com/watch?v=zgIfcF3WPA4 | https://www.youtube.com/watch?v=liRMxUT8A2c | https://musify.club/track/pl/653749/the-killers-somebody-told-me.mp3"
"75","Green Day","Holiday","full-audio-verified","youtubeMusic","3785483","233.06294784580498","https://www.youtube.com/watch?v=KIxU5caGD6c","https://www.youtube.com/watch?v=KIxU5caGD6c | https://www.youtube.com/watch?v=sO-S32xnXA0 | https://musify.club/track/pl/21764986/green-day-holiday.mp3"
"76","Radiohead","Karma Police","full-audio-verified","youtubeMusic","4287495","264.102947845805","https://www.youtube.com/watch?v=4IJI6soiQhI","https://www.youtube.com/watch?v=nbCOAPR33ME | https://www.youtube.com/watch?v=4IJI6soiQhI | https://musify.club/track/pl/2149/radiohead-karma-police.mp3"
"77","System Of A Down","Aerials","full-audio-verified","musify","14844275","371.069387755102","https://musify.club/track/pl/12726781/system-of-a-down-aerials.mp3","https://musify.club/track/pl/12726781/system-of-a-down-aerials.mp3"
"78","Arctic Monkeys","Arabella","full-audio-verified","musify","8296915","207.3861224489796","https://musify.club/track/pl/3420865/arctic-monkeys-arabella.mp3","https://musify.club/track/pl/3420865/arctic-monkeys-arabella.mp3"
"79","Radiohead","Creep","full-audio-verified","musify","9443017","235.75510204081633","https://musify.club/track/pl/15976/radiohead-creep.mp3","https://www.youtube.com/watch?v=9RfVp-GhKfs | https://musify.club/track/pl/15976/radiohead-creep.mp3"
"80","Linkin Park","Faint","full-audio-verified","youtubeMusic","2634555","162.142947845805","https://www.youtube.com/watch?v=2mXNRsyTitA","https://www.youtube.com/watch?v=2mXNRsyTitA | https://musify.club/track/pl/3627/linkin-park-faint.mp3 | https://miyzvuk.net/uploads/public_files/2023-12/linkin-park-faint.mp3"
"81","System Of A Down","Toxicity","full-audio-verified","musify","8762959","219.03673469387755","https://musify.club/track/pl/4380898/system-of-a-down-toxicity.mp3","https://musify.club/track/pl/4380898/system-of-a-down-toxicity.mp3 | https://miyzvuk.net/uploads/public_files/2025-06/system-of-a-down-toxicity.mp3"
"82","Лилу45, МУЛЬТИТРЕК","Морфін","full-audio-verified","miyzvuk","8556254","212.61061224489796","https://miyzvuk.net/uploads/public_files/2024-03/lely45-multitrek-morfin.mp3","https://miyzvuk.net/uploads/public_files/2024-03/lely45-multitrek-morfin.mp3"
"83","Red Hot Chili Peppers","Otherside","full-audio-verified","youtubeMusic","4149228","255.40961451247165","https://www.youtube.com/watch?v=LCZLCG4JFm4","https://www.youtube.com/watch?v=LCZLCG4JFm4 | https://musify.club/track/pl/17094/red-hot-chili-peppers-otherside.mp3 | https://musify.club/track/pl/22103137/red-hot-chili-peppers-otherside.mp3 | https://musify.club/track/pl/22084120/red-hot-chili-peppers-otherside.mp3"
"84","Mother Mother","Burning Pile","full-audio-verified","youtubeMusic","4257684","262.20961451247166","https://www.youtube.com/watch?v=JnMJsh_Pu7A","https://www.youtube.com/watch?v=JnMJsh_Pu7A | https://musify.club/track/pl/2871129/mother-mother-burning-pile.mp3"
"85","Mother Mother","Arms Tonite","full-audio-verified","youtubeMusic","3520866","216.702947845805","https://www.youtube.com/watch?v=ZvzOSMEjVUQ","https://www.youtube.com/watch?v=ZvzOSMEjVUQ | https://musify.club/track/pl/2871137/mother-mother-arms-tonite.mp3"
"86","Foo Fighters","Times Like These","full-audio-verified","youtubeMusic","4308001","265.6762811791383","https://www.youtube.com/watch?v=EpRPOTh1KUg","https://www.youtube.com/watch?v=EpRPOTh1KUg | https://www.youtube.com/watch?v=v1b24aWSfpA | https://musify.club/track/pl/17301659/foo-fighters-times-like-these.mp3"
"87","Arctic Monkeys","Why'd You Only Call Me When You're High?","full-audio-verified","musify","6448581","161.17551020408163","https://musify.club/track/pl/3420870/arctic-monkeys-whyd-you-only-call-me-when-youre-high.mp3","https://musify.club/track/pl/3420870/arctic-monkeys-whyd-you-only-call-me-when-youre-high.mp3"
"88","The Rolling Stones","Paint It, Black","full-audio-verified","youtubeMusic","3286595","202.302947845805","https://www.youtube.com/watch?v=170sceOWWXc","https://www.youtube.com/watch?v=170sceOWWXc | https://www.youtube.com/watch?v=EBUFtoC2oj4 | https://musify.club/track/pl/16656485/the-rolling-stones-paint-it-black.mp3 | https://musify.club/track/pl/9184445/the-rolling-stones-paint-it-black.mp3"
"89","Лилу45","Спробуй купи мене","full-audio-verified","miyzvuk","10250549","199.47102040816327","https://miyzvuk.net/uploads/public_files/2025-07/lylu45-sprobui-kupy-mene.mp3","https://miyzvuk.net/uploads/public_files/2025-07/lylu45-sprobui-kupy-mene.mp3 | https://soundcloud.com/lilu45/sprobuj-kupi-mene"
"90","Schmalgauzen","Тетяна","full-audio-verified","youtubeMusic","4263290","262.5362811791383","https://www.youtube.com/watch?v=nO11J6xnPNw","https://www.youtube.com/watch?v=nO11J6xnPNw | https://www.youtube.com/watch?v=3sltu9yDRaQ | https://miyzvuk.net/uploads/public_files/2024-11/schmalgauzen-tetjana.mp3"
"91","Schmalgauzen","Весна","full-audio-verified","youtubeMusic","3198959","197.03526077097504","https://www.youtube.com/watch?v=Vs7UbCHJdiI","https://www.youtube.com/watch?v=Vs7UbCHJdiI | https://www.youtube.com/watch?v=PrJRjyx4vpA"
"92","Океан Ельзи","Там, де нас нема","full-audio-verified","youtubeMusic","3463038","212.99961451247165","https://www.youtube.com/watch?v=kTiiUw2HjjM","https://www.youtube.com/watch?v=kTiiUw2HjjM | https://musify.club/track/pl/1413863/%D0%BE%D0%BA%D0%B5%D0%B0%D0%BD-%D0%B5%D0%BB%D1%8C%D0%B7%D0%B8-%D1%82%D0%B0%D0%BC-%D0%B4%D0%B5-%D0%BD%D0%B0%D1%81-%D0%BD%D0%B5%D0%BC%D0%B0.mp3 | https://miyzvuk.net/uploads/public_files/2024-11/okean-elzi-tam-de-nas-nema.mp3"
"93","Radiohead","Exit Music (For A Film)","full-audio-verified","musify","10603158","264.8555102040816","https://musify.club/track/pl/2147/radiohead-exit-music-for-a-film.mp3","https://www.youtube.com/watch?v=Bf01riuiJWA | https://www.youtube.com/watch?v=FapBH3j6WoA | https://musify.club/track/pl/2147/radiohead-exit-music-for-a-film.mp3 | https://miyzvuk.net/uploads/public_files/2026-03/radiohead-exit-music-for-a-film.mp3"
"94","Slipknot","Psychosocial","full-audio-verified","youtubeMusic","4601091","283.43628117913835","https://www.youtube.com/watch?v=rAjwN7ryg94","https://www.youtube.com/watch?v=rAjwN7ryg94 | https://www.youtube.com/watch?v=zqxNmtFXG7o | https://musify.club/track/pl/273270/slipknot-psychosocial.mp3"
"95","Schmalgauzen","Розалінда","full-audio-verified","youtubeMusic","4417941","272.15167800453514","https://www.youtube.com/watch?v=qjJVv8pmC8c","https://www.youtube.com/watch?v=qjJVv8pmC8c | https://www.youtube.com/watch?v=AAEtyO8VMww"
"96","System Of A Down","Soldier Side","full-audio-verified","youtubeMusic","3581967","220.302947845805","https://www.youtube.com/watch?v=JXFtLaWXIY0","https://www.youtube.com/watch?v=JXFtLaWXIY0 | https://musify.club/track/pl/377/system-of-a-down-soldier-side.mp3"
"97","System Of A Down","ATWA","no-exact-source","","","","",""
"98","Foo Fighters","These Days","full-audio-verified","youtubeMusic","4839190","298.30294784580497","https://www.youtube.com/watch?v=WHzGYudqdiw","https://www.youtube.com/watch?v=WHzGYudqdiw | https://musify.club/track/pl/1411980/foo-fighters-usa-these-days.mp3 | https://musify.club/track/pl/17301677/foo-fighters-these-days.mp3"
"99","System Of A Down","Violent Pornography","full-audio-verified","musify","8463612","211.38285714285715","https://musify.club/track/pl/3534/system-of-a-down-violent-pornography.mp3","https://www.youtube.com/watch?v=KP_fR-Uh4OI | https://musify.club/track/pl/3534/system-of-a-down-violent-pornography.mp3"
"100","System Of A Down","B.Y.O.B.","full-audio-verified","youtubeMusic","4147060","255.50294784580498","https://www.youtube.com/watch?v=OMtq6JzREcA","https://www.youtube.com/watch?v=OMtq6JzREcA | https://musify.club/track/pl/3529/system-of-a-down-b-y-o-b.mp3"
"101","O.Torvald","Дощ","full-audio-verified","miyzvuk","8005621","198.97469387755103","https://miyzvuk.net/uploads/public_files/2024-04/o_torvald-dosch.mp3","https://musify.club/track/pl/20461236/o-torvald-%D0%B4%D0%BE%D1%89.mp3 | https://topmusicua.com/uploads/files/2024-04/1712157601__trvld2020d094d0bd189.mp3 | https://miyzvuk.net/uploads/public_files/2024-04/o_torvald-dosch.mp3"
"102","Sudno","Тону","full-audio-verified","youtubeMusic","2821827","173.6077097505669","https://www.youtube.com/watch?v=sli8LnRzOiE","https://www.youtube.com/watch?v=sli8LnRzOiE | https://miyzvuk.net/uploads/public_files/2024-04/sudno-tonu.mp3"
"103","O.Torvald","704","full-audio-verified","miyzvuk","5995231","148.71510204081633","https://miyzvuk.net/uploads/public_files/2024-04/o_torvald-704.mp3","https://musify.club/track/pl/20461228/o-torvald-704.mp3 | https://topmusicua.com/uploads/files/2024-04/1712243404__trvld2020704.mp3 | https://miyzvuk.net/uploads/public_files/2024-04/o_torvald-704.mp3"
"104","Schmalgauzen","Сірі туфлі","full-audio-verified","youtubeMusic","3928710","241.95628117913833","https://www.youtube.com/watch?v=pI10QAzLsJg","https://www.youtube.com/watch?v=pI10QAzLsJg"
"105","Океан Ельзи","Я так хочу...","full-audio-verified","youtubeMusic","4564983","281.72414965986394","https://www.youtube.com/watch?v=kKbuv7NAMTc","https://www.youtube.com/watch?v=kKbuv7NAMTc | https://musify.club/track/pl/1386271/%D0%BE%D0%BA%D0%B5%D0%B0%D0%BD-%D0%B5%D0%BB%D1%8C%D0%B7%D0%B8-%D1%8F-%D1%82%D0%B0%D0%BA-%D1%85%D0%BE%D1%87%D1%83.mp3"
"106","Nirvana","Very Ape","full-audio-verified","youtubeMusic","1884516","115.84961451247166","https://www.youtube.com/watch?v=Uyen5gPGEC8","https://www.youtube.com/watch?v=Uyen5gPGEC8 | https://musify.club/track/pl/5971/nirvana-very-ape.mp3"
"107","Vacations","Young","full-audio-verified","youtubeMusic","3074506","189.1962811791383","https://www.youtube.com/watch?v=oAur1xQx-sc","https://www.youtube.com/watch?v=oAur1xQx-sc | https://musify.club/track/pl/21745557/vacations-young.mp3"
"108","The Beatles","She Loves You - Remastered 2009","full-audio-verified","youtubeMusic","2295049","141.36961451247166","https://www.youtube.com/watch?v=nGbWU8S3vzs","https://www.youtube.com/watch?v=nGbWU8S3vzs"
"109","Three Days Grace","Just Like You","full-audio-verified","youtubeMusic","3036765","186.92961451247166","https://www.youtube.com/watch?v=YaWoXZaJKW8","https://www.youtube.com/watch?v=YaWoXZaJKW8 | https://musify.club/track/pl/8314528/three-days-grace-just-like-you.mp3"
"110","Three Days Grace","Give In To Me","full-audio-verified","youtubeMusic","3233220","199.0362811791383","https://www.youtube.com/watch?v=7NmgjEMsE-w","https://www.youtube.com/watch?v=7NmgjEMsE-w"
"111","Soundgarden","Black Hole Sun","full-audio-verified","youtubeMusic","5168663","318.622947845805","https://www.youtube.com/watch?v=9kIv6vVRKpw","https://www.youtube.com/watch?v=9kIv6vVRKpw | https://musify.club/track/pl/16789/soundgarden-black-hole-sun.mp3 | https://musify.club/track/pl/22103145/soundgarden-black-hole-sun.mp3"
"112","Motanka","Verba","full-audio-verified","musify","14667652","366.65469387755104","https://musify.club/track/pl/11009092/motanka-verba.mp3","https://musify.club/track/pl/11009092/motanka-verba.mp3"
"113","THE PINBALLS","Blues of Shichiten Battou","no-exact-source","","","","",""
"114","Nirvana","On A Plain","full-audio-verified","youtubeMusic","3158880","194.462947845805","https://www.youtube.com/watch?v=INFH5bt8hxM","https://www.youtube.com/watch?v=INFH5bt8hxM | https://www.youtube.com/watch?v=g6U3VKOfdj0 | https://musify.club/track/pl/2125/nirvana-on-a-plain.mp3"
"115","Nirvana","Milk It - 2023 Remaster","full-audio-verified","musify","9382592","234.5273469387755","https://musify.club/track/pl/19809351/nirvana-milk-it-2023-remaster.mp3","https://musify.club/track/pl/19809351/nirvana-milk-it-2023-remaster.mp3"
"116","Nirvana","Frances Farmer Will Have Her Revenge On Seattle - 2023 Remaster","full-audio-verified","musify","9986663","249.6261224489796","https://musify.club/track/pl/19809348/nirvana-frances-farmer-will-have-her-revenge-on-seattle-2023-remaster.mp3","https://musify.club/track/pl/19809348/nirvana-frances-farmer-will-have-her-revenge-on-seattle-2023-remaster.mp3"
"117","Nirvana","Moist Vagina - 2023 Remaster","full-audio-verified","musify","8573857","214.30857142857144","https://musify.club/track/pl/19809359/nirvana-moist-vagina-2023-remaster.mp3","https://musify.club/track/pl/19809359/nirvana-moist-vagina-2023-remaster.mp3"
"118","Бумбокс","Вiддаю","full-audio-verified","youtubeMusic","3047626","187.31628117913831","https://www.youtube.com/watch?v=FTRPOXap65s","https://www.youtube.com/watch?v=FTRPOXap65s"
"119","Fontaines D.C.","Starburster","full-audio-verified","youtubeMusic","3596879","221.48709750566894","https://www.youtube.com/watch?v=7zZXNHaeZmg","https://www.youtube.com/watch?v=7zZXNHaeZmg | https://musify.club/track/pl/20434999/fontaines-d-c-starburster.mp3 | https://miyzvuk.net/uploads/public_files/2025-04/fontaines-d_c_-starburster.mp3"
"120","Linkin Park","The Emptiness Machine","full-audio-verified","miyzvuk","7705304","190.464","https://miyzvuk.net/uploads/public_files/2024-11/linkin-park-the-emptiness-machine.mp3","https://musify.club/track/pl/20420105/linkin-park-the-emptiness-machine.mp3 | https://miyzvuk.net/uploads/public_files/2024-11/linkin-park-the-emptiness-machine.mp3"
"121","The Doors","People Are Strange","full-audio-verified","youtubeMusic","2122524","130.20961451247166","https://www.youtube.com/watch?v=-NyC6mrutj0","https://www.youtube.com/watch?v=-NyC6mrutj0 | https://www.youtube.com/watch?v=kzGtUfOxxww | https://www.youtube.com/watch?v=N23X70m37L8 | https://www.youtube.com/watch?v=HAQO_oFw0XE | https://musify.club/track/pl/16588/the-doors-people-are-strange.mp3"
"122","Лилу45","А якщо чесно","full-audio-verified","miyzvuk","16022123","231.024","https://miyzvuk.net/uploads/public_files/2024-11/lely45-a-jakscho-chesno.mp3","https://miyzvuk.net/uploads/public_files/2024-11/lely45-a-jakscho-chesno.mp3 | https://soundcloud.com/lilu45/a-yakshho-chesno"
"123","Deftones","Mascara","full-audio-verified","youtubeMusic","3660305","225.32961451247166","https://www.youtube.com/watch?v=XhCBruock0E","https://www.youtube.com/watch?v=XhCBruock0E | https://www.youtube.com/watch?v=l1uXgWu-EiE | https://musify.club/track/pl/206132/deftones-mascara.mp3"
"124","Linkin Park","Two Faced","full-audio-verified","miyzvuk","7431668","183.624","https://miyzvuk.net/uploads/public_files/2024-11/linkin-park-two-faced.mp3","https://musify.club/track/pl/20420111/linkin-park-two-faced.mp3 | https://miyzvuk.net/uploads/public_files/2024-11/linkin-park-two-faced.mp3"
"125","Måneskin","OFF MY FACE","full-audio-verified","miyzvuk","5996023","149.86448979591836","https://miyzvuk.net/uploads/public_files/2023-12/maneskin-off-my-face.mp3","https://musify.club/track/pl/19878568/maneskin-off-my-face.mp3 | https://miyzvuk.net/uploads/public_files/2023-12/maneskin-off-my-face.mp3"
"126","діти інженерів","ОМГ (Оболонь - Мінська - Героїв Дніпра)","full-audio-verified","miyzvuk","7598036","186.69714285714286","https://miyzvuk.net/uploads/public_files/2024-11/dity-inzheneriv-omg-obolon-minska-geroiv-dnipra.mp3","https://miyzvuk.net/uploads/public_files/2024-11/dity-inzheneriv-omg-obolon-minska-geroiv-dnipra.mp3"
"127","Meg & Dia","Monster","full-audio-verified","youtubeMusic","2622297","161.36961451247166","https://www.youtube.com/watch?v=GGj_St3gfxY","https://www.youtube.com/watch?v=GGj_St3gfxY | https://www.youtube.com/watch?v=3gnvDq6sZVQ | https://musify.club/track/pl/158468/meg-and-dia-monster.mp3"
"128","Linkin Park","Heavy Is the Crown","full-audio-verified","miyzvuk","6768335","167.04","https://miyzvuk.net/uploads/public_files/2024-09/linkin-park-heavy-is-the-crown.mp3","https://musify.club/track/pl/20420107/linkin-park-heavy-is-the-crown.mp3 | https://miyzvuk.net/uploads/public_files/2024-09/linkin-park-heavy-is-the-crown.mp3"
"129","Linkin Park","Casualty","full-audio-verified","miyzvuk","5724785","140.952","https://miyzvuk.net/uploads/public_files/2024-11/linkin-park-casualty.mp3","https://musify.club/track/pl/20420109/linkin-park-casualty.mp3 | https://miyzvuk.net/uploads/public_files/2024-11/linkin-park-casualty.mp3"
"130","Arctic Monkeys","When The Sun Goes Down","full-audio-verified","musify","8004338","200.07183673469387","https://musify.club/track/pl/1868/arctic-monkeys-when-the-sun-goes-down.mp3","https://musify.club/track/pl/1868/arctic-monkeys-when-the-sun-goes-down.mp3"
"131","Steve Lacy","Dark Red","full-audio-verified","musify","6927084","173.1395918367347","https://musify.club/track/pl/18699606/steve-lacy-dark-red.mp3","https://musify.club/track/pl/18699606/steve-lacy-dark-red.mp3"
"132","Pixies","Where Is My Mind? - 2007 Remaster","download-failed","","","","","https://www.youtube.com/watch?v=6VG6gIvcjU8"
"133","Nirvana","Blew","full-audio-verified","musify","6987211","174.49795918367346","https://musify.club/track/pl/15691/nirvana-blew.mp3","https://www.youtube.com/watch?v=7E-KAP359ys | https://musify.club/track/pl/15691/nirvana-blew.mp3"
"134","Lady Gaga","Abracadabra","full-audio-verified","miyzvuk","8984911","223.44","https://miyzvuk.net/uploads/public_files/2025-02/lady-gaga-abracadabra.mp3","https://musify.club/track/pl/20708478/lady-gaga-abracadabra.mp3 | https://miyzvuk.net/uploads/public_files/2025-02/lady-gaga-abracadabra.mp3"
"135","Lady Gaga","Poker Face","full-audio-verified","youtubeMusic","3851885","237.23628117913833","https://www.youtube.com/watch?v=oG-4Uvhm4lI","https://www.youtube.com/watch?v=oG-4Uvhm4lI | https://musify.club/track/pl/272436/lady-gaga-poker-face.mp3 | https://miyzvuk.net/uploads/public_files/2024-10/lady-gaga-poker-face.mp3"
"136","LP","When We're High","full-audio-verified","youtubeMusic","3854312","237.5372789115646","https://www.youtube.com/watch?v=YmNIZ8WydCA","https://www.youtube.com/watch?v=YmNIZ8WydCA | https://miyzvuk.net/uploads/public_files/2025-04/lp-when-were-high.mp3"
"137","Время и Стекло","Дим","full-audio-verified","miyzvuk","7938502","198.42612244897958","https://miyzvuk.net/uploads/public_files/2023-12/vremya_i_steklo_-_dim.mp3","https://musify.club/track/pl/11240986/%D0%B2%D1%80%D0%B5%D0%BC%D1%8F-%D0%B8-%D1%81%D1%82%D0%B5%D0%BA%D0%BB%D0%BE-%D0%B4%D0%B8%D0%BC.mp3 | https://miyzvuk.net/uploads/public_files/2023-12/vremya_i_steklo_-_dim.mp3"
"138","System Of A Down","Chop Suey!","full-audio-verified","musify","8447426","211.1477551020408","https://musify.club/track/pl/564846/system-of-a-down-chop-suey.mp3","https://musify.club/track/pl/564846/system-of-a-down-chop-suey.mp3"
"139","Arctic Monkeys","R U Mine?","full-audio-verified","musify","8072263","201.76979591836735","https://musify.club/track/pl/3420863/arctic-monkeys-r-u-mine.mp3","https://musify.club/track/pl/3420863/arctic-monkeys-r-u-mine.mp3"
"140","Blur","Song 2 - 2012 Remaster","full-audio-verified","musify","4849834","121.20816326530613","https://musify.club/track/pl/12616995/blur-song-2-2012-remaster.mp3","https://musify.club/track/pl/12616995/blur-song-2-2012-remaster.mp3"
"141","My Chemical Romance","Teenagers","full-audio-verified","youtubeMusic","2632957","161.95628117913833","https://www.youtube.com/watch?v=jLKOBJR5vHs","https://www.youtube.com/watch?v=jLKOBJR5vHs | https://www.youtube.com/watch?v=5G5BnlBuozU"
"142","Red Hot Chili Peppers","Can't Stop","full-audio-verified","youtubeMusic","4369248","269.0362811791383","https://www.youtube.com/watch?v=tJolH6I3fvs","https://www.youtube.com/watch?v=tJolH6I3fvs | https://musify.club/track/pl/1078078/red-hot-chili-peppers-cant-stop.mp3"
"143","DOROFEEVA","вотсап","full-audio-verified","miyzvuk","8449311","169.6130612244898","https://miyzvuk.net/uploads/public_files/2023-12/dorofeeva_-_votsap.mp3","https://miyzvuk.net/uploads/public_files/2023-12/dorofeeva_-_votsap.mp3 | https://soundcloud.com/dorofeeva/votsap"
"144","Portugal. The Man","Feel It Still","full-audio-verified","youtubeMusic","2657652","163.28961451247164","https://www.youtube.com/watch?v=OPKTk5vUtDY","https://www.youtube.com/watch?v=OPKTk5vUtDY | https://musify.club/track/pl/7716150/portugal-the-man-feel-it-still.mp3"
"145","Бумбокс","Зцапала-злапала","full-audio-verified","youtubeMusic","3310318","203.52961451247165","https://www.youtube.com/watch?v=EwyfkD_O8PQ","https://www.youtube.com/watch?v=EwyfkD_O8PQ | https://miyzvuk.net/uploads/public_files/2025-03/bumboks-zcapala-zlapala.mp3"
"146","Rammstein","Mutter","full-audio-verified","youtubeMusic","4355999","268.63628117913834","https://www.youtube.com/watch?v=hzZcc611C2A","https://www.youtube.com/watch?v=hzZcc611C2A | https://www.youtube.com/watch?v=GMWqPz73Hnw | https://musify.club/track/pl/16655/rammstein-mutter.mp3"
"147","Один в каное","Пообіцяй мені","full-audio-verified","youtubeMusic","5132396","316.6152154195011","https://www.youtube.com/watch?v=F9nFbz56Plo","https://www.youtube.com/watch?v=F9nFbz56Plo | https://musify.club/track/pl/6070731/%D0%BE%D0%B4%D0%B8%D0%BD-%D0%B2-%D0%BA%D0%B0%D0%BD%D0%BE%D0%B5-%D0%BF%D0%BE%D0%BE%D0%B1i%D1%86%D1%8F%D0%B8-%D0%BC%D0%B5%D0%BDi.mp3"
"148","Frankie Valli","Can't Take My Eyes off You","full-audio-verified","youtubeMusic","3303742","203.27628117913832","https://www.youtube.com/watch?v=DYwQy_9JPtQ","https://www.youtube.com/watch?v=DYwQy_9JPtQ | https://www.youtube.com/watch?v=RQBgfjOROPw | https://musify.club/track/pl/6640314/frankie-valli-cant-take-my-eyes-off-you.mp3 | https://musify.club/track/pl/22070434/frankie-valli-cant-take-my-eyes-off-you.mp3"
"149","Roy Orbison","Oh, Pretty Woman","full-audio-verified","youtubeMusic","2872859","176.96963718820862","https://www.youtube.com/watch?v=3KFvoDDs0XM","https://www.youtube.com/watch?v=3KFvoDDs0XM | https://www.youtube.com/watch?v=efzeF3g6Q20 | https://www.youtube.com/watch?v=MD27CDeFB4o | https://www.youtube.com/watch?v=MHdl6tMiQsY | https://www.youtube.com/watch?v=UrFY8zMqT9c | https://www.youtube.com/watch?v=HpgbSGBhtp0 | https://musify.club/track/pl/3331177/roy-orbison-oh-pretty-woman.mp3 | https://musify.club/track/pl/6434854/roy-orbison-the-candy-men-oh-pretty-woman.mp3"
"150","Quest Pistols","Різні","full-audio-verified","miyzvuk","7881033","194.58612244897958","https://miyzvuk.net/uploads/public_files/2025-04/quest-pistols-rizni.mp3","https://topmusicua.com/uploads/files/2025-04/1745078901_qst-pstls-rizni.mp3 | https://miyzvuk.net/uploads/public_files/2025-04/quest-pistols-rizni.mp3"
"151","Pitbull, AFROJACK, Ne-Yo, Nayer","Give Me Everything (feat. Nayer)","download-failed","","","","","https://www.youtube.com/watch?v=E2lX1ZovtcA"
"152","Виталий Козловский","Пінаколада","full-audio-verified","youtubeMusic","3181859","195.8204081632653","https://www.youtube.com/watch?v=6THC7qA8mlA","https://www.youtube.com/watch?v=6THC7qA8mlA"
"153","Lil Peep","Save That Shit","full-audio-verified","musify","3706427","231.60163265306122","https://musify.club/track/pl/8200342/lil-peep-save-that-shit.mp3","https://musify.club/track/pl/8200342/lil-peep-save-that-shit.mp3"
"154","System Of A Down","Marmalade","full-audio-verified","musify","7237930","180.9","https://musify.club/track/pl/11497355/system-of-a-down-marmalade.mp3","https://musify.club/track/pl/11497355/system-of-a-down-marmalade.mp3"
"155","Metallica","My Friend of Misery - Remastered 2021","full-audio-verified","musify","16389749","409.7044897959184","https://musify.club/track/pl/17154747/metallica-my-friend-of-misery-remastered-2021.mp3","https://musify.club/track/pl/17154747/metallica-my-friend-of-misery-remastered-2021.mp3"
"156","Taiia M., Мос","Ріж ніж","full-audio-verified","youtubeMusic","2946894","181.58619047619047","https://www.youtube.com/watch?v=MsSS91U4gok","https://www.youtube.com/watch?v=MsSS91U4gok"
"157","Three Days Grace","I Hate Everything About You","full-audio-verified","youtubeMusic","3758595","231.51628117913833","https://www.youtube.com/watch?v=ph9KP2_lT5Q","https://www.youtube.com/watch?v=ph9KP2_lT5Q | https://musify.club/track/pl/8314415/three-days-grace-i-hate-everything-about-you.mp3"
"158","Three Days Grace","Animal I Have Become","full-audio-verified","youtubeMusic","3756623","231.43628117913832","https://www.youtube.com/watch?v=ysho2xTWUYo","https://www.youtube.com/watch?v=ysho2xTWUYo | https://www.youtube.com/watch?v=-T3jhVhNZKE | https://musify.club/track/pl/8314390/three-days-grace-animal-i-have-become.mp3"
"159","Three Days Grace","Time of Dying","full-audio-verified","youtubeMusic","3027509","186.40961451247165","https://www.youtube.com/watch?v=05wXNKzOkRM","https://www.youtube.com/watch?v=05wXNKzOkRM | https://www.youtube.com/watch?v=drp5LyCrKyU | https://musify.club/track/pl/8314397/three-days-grace-time-of-dying.mp3"
"160","Three Days Grace","Pain","full-audio-verified","youtubeMusic","3296192","203.00961451247164","https://www.youtube.com/watch?v=h74nkELyHhM","https://www.youtube.com/watch?v=h74nkELyHhM | https://musify.club/track/pl/8314389/three-days-grace-pain.mp3"
"161","Metallica","Nothing Else Matters - Remastered 2021","full-audio-verified","musify","15552788","388.7804081632653","https://musify.club/track/pl/17154744/metallica-nothing-else-matters-remastered-2021.mp3","https://musify.club/track/pl/17154744/metallica-nothing-else-matters-remastered-2021.mp3"
"162","Metallica","Enter Sandman - Remastered 2021","full-audio-verified","musify","13265485","331.5983673469388","https://musify.club/track/pl/17154737/metallica-enter-sandman-remastered-2021.mp3","https://musify.club/track/pl/17154737/metallica-enter-sandman-remastered-2021.mp3"
"163","System Of A Down","Hypnotize","full-audio-verified","youtubeMusic","3083348","189.4762811791383","https://www.youtube.com/watch?v=pvP_YJTpt44","https://www.youtube.com/watch?v=pvP_YJTpt44 | https://musify.club/track/pl/369/system-of-a-down-hypnotize.mp3"
"164","David Bowie","The Man Who Sold the World - 2015 Remaster","no-exact-source","","","","",""
"165","Djo","End of Beginning","full-audio-verified","miyzvuk","6499175","159.29469387755103","https://miyzvuk.net/uploads/public_files/2025-06/djo-end-of-beginning.mp3","https://musify.club/track/pl/18556358/djo-end-of-beginning.mp3 | https://miyzvuk.net/uploads/public_files/2025-06/djo-end-of-beginning.mp3"
"166","Океан Ельзи","Відпусти","full-audio-verified","miyzvuk","9304473","232.44","https://miyzvuk.net/uploads/public_files/2024-10/okean-elzi-vidpusti.mp3","https://www.youtube.com/watch?v=zCw57j6pp9g | https://musify.club/track/pl/22351320/%D0%BE%D0%BA%D0%B5%D0%B0%D0%BD-%D0%B5%D0%BB%D1%8C%D0%B7%D0%B8-%D0%B2i%D0%B4%D0%BF%D1%83%D1%81%D1%82%D0%B8.mp3 | https://miyzvuk.net/uploads/public_files/2024-10/okean-elzi-vidpusti.mp3"
"167","Foo Fighters","DOA","full-audio-verified","youtubeMusic","4094786","252.142947845805","https://www.youtube.com/watch?v=25bP1u-zREE","https://www.youtube.com/watch?v=25bP1u-zREE | https://musify.club/track/pl/979/foo-fighters-doa.mp3"
"168","Foo Fighters","Today's Song","download-failed","","","","","https://www.youtube.com/watch?v=QtQSc207deE"
"169","Саша Чемеров, Бумбокс","Любила","full-audio-verified","youtubeMusic","3415665","210.51111111111112","https://www.youtube.com/watch?v=czlQNWD3_yc","https://www.youtube.com/watch?v=czlQNWD3_yc"
"170","Саша Чемеров","Згоривниз","full-audio-verified","miyzvuk","6347749","155.37632653061223","https://miyzvuk.net/uploads/public_files/2025-06/zgoryvnyz-sasha-chemerov.mp3","https://topmusicua.com/uploads/files/2025-07/1751442812_sasha-chemerov-zgoryvnyz.mp3 | https://miyzvuk.net/uploads/public_files/2025-06/zgoryvnyz-sasha-chemerov.mp3"
"171","Radiohead","Jigsaw Falling Into Place","full-audio-verified","musify","9975000","248.9469387755102","https://musify.club/track/pl/76655/radiohead-jigsaw-falling-into-place.mp3","https://www.youtube.com/watch?v=CvjRlYpXS5U | https://musify.club/track/pl/76655/radiohead-jigsaw-falling-into-place.mp3"
"172","Wang Chung","Space Junk","full-audio-verified","youtubeMusic","4311612","265.662947845805","https://www.youtube.com/watch?v=O3F1_ut8VA8","https://www.youtube.com/watch?v=O3F1_ut8VA8 | https://musify.club/track/pl/11040822/wang-chung-space-junk.mp3 | https://musify.club/track/pl/11511251/wang-chung-the-prague-philharmonic-orchestra-space-junk.mp3"
"173","GRABAR","Нерухомість","download-failed","","","","","https://soundcloud.com/grabar-music/neruxomist"
"174","GRABAR, YUVI","На подобу тобі","download-failed","","","","","https://soundcloud.com/grabar-music/na-podobu-tobi"
"175","Schmalgauzen","Jessica - Single Version","download-failed","","","","","https://www.youtube.com/watch?v=bcNdYOsTcTg"
